design,miRNA1,miRNA2,miRNA3,target1,target2,target3,oligoseq,HEK293T_3UTR_log10,HEK293T_3UTR_error,HeLa_3UTR_log10,HeLa_3UTR_error,MCF7_3UTR_log10,MCF7_3UTR_error,K562_3UTR_log10,K562_3UTR_error,HepG2_3UTR_log10,HepG2_3UTR_error,SKNSH_3UTR_log10,SKNSH_3UTR_error
miRNA_full_AND3_1_context1,hsa-miR-17-3p,hsa-miR-221-3p,hsa-miR-31-5p,TACAAGTGCCTTCACTGCAGT,AACCCAGCAGACAATGTAGCT,AGCTATGCCAGCATCTTGCCT,TTGGAGCCAAGGGTTCTACAAGTGCCTTCACTGCAGTTAAACCCAGCAGACAATGTAGCTCCTAGCTATGCCAGCATCTTGCCTAATTCTGCTACCTCACT,-0.4195917897812065,0.0280599862887498,-1.0325110769142003,0.0356226301726303,-0.023439354534269,0.0270727260397312,-0.234213087599496,0.0283561449354288,-0.2299264111336355,0.0275737670627692,-0.2057446519239174,0.0286138990263183
miRNA_full_AND3_2_context1,hsa-miR-125b-5p,hsa-miR-494-3p,hsa-miR-141-3p,CACAAGTTAGGGTCTCAGGGA,AGGTTTCCCGTGTATGTTTCA,CATCTTTACCAGACAGTGTTA,TTGGAGCCAAGGGTTCCACAAGTTAGGGTCTCAGGGATAAGGTTTCCCGTGTATGTTTCACCTGCATCTTTACCAGACAGTGTTAATTCTGCTACCTCACT,-0.0187469116198165,0.025600242803266,-0.3228995865133871,0.0270534076812924,-0.5281381530586103,0.0282946211664058,0.0747406780026602,0.0260986816359721,-0.0669144185377331,0.0257840427417664,-0.4011151088485827,0.028288926185378
miRNA_full_AND3_3_context1,hsa-miR-122-5p,hsa-miR-221-3p,hsa-miR-31-5p,AAACACCATTGTCACACTCCA,AACCCAGCAGACAATGTAGCT,AGCTATGCCAGCATCTTGCCT,TTGGAGCCAAGGGTTCAAACACCATTGTCACACTCCATAAACCCAGCAGACAATGTAGCTCCTAGCTATGCCAGCATCTTGCCTAATTCTGCTACCTCACT,-0.3594413677991851,0.0303773142868394,-1.0630739622238845,0.039761814203068,-0.0243438848903569,0.0295258095644482,-0.0154810315854943,0.0299256209227981,-0.2075449418163127,0.0300099664492748,-0.1347641761030065,0.0302847163410273
miRNA_full_AND3_4_context1,hsa-miR-196a-5p,hsa-miR-96-5p,hsa-miR-96-5p,CCAACAACATGAAACTACCTA,CAAAAATGTGCTAGTGCCAAA,CAAAAATGTGCTAGTGCCAAA,TTGGAGCCAAGGGTCCAACAACATGAAACTACCTAACTCAAAAATGTGCTAGTGCCAAACCCCAAAAATGTGCTAGTGCCAAAGAATTCTGCTACCTCACT,-0.5242792132589773,0.0412810005688617,-0.4344974616622123,0.0419916726508689,-0.3668729945671203,0.0411449212066546,-0.2060277739408929,0.0402086953206394,-0.1514001711203086,0.0389282182221156,-0.0135460571064468,0.0389000072960329
miRNA_full_AND3_5_context1,hsa-miR-17-3p,hsa-miR-22-3p,hsa-miR-221-3p,TACAAGTGCCTTCACTGCAGT,CAGTTCTTCAACTGGCAGCTT,AACCCAGCAGACAATGTAGCT,TTGGAGCCAAGGGTTCTACAAGTGCCTTCACTGCAGTTAACAGTTCTTCAACTGGCAGCTTCTAACCCAGCAGACAATGTAGCTAATTCTGCTACCTCACT,-0.6671178874961657,0.0403035013207751,-0.8371818383963594,0.0421531780101435,-0.2514407062593564,0.038205010802484,-0.5593796890232069,0.0406394692072353,-0.6493765988959568,0.0408322991614507,-0.5649625378072747,0.0413534274492527
miRNA_full_AND3_6_context1,hsa-miR-126-3p,hsa-miR-218-5p,hsa-miR-96-5p,GCATTATTACTCACGGTACGA,ACATGGTTAGATCAAGCACAA,CAAAAATGTGCTAGTGCCAAA,TTGGAGCCAAGGGTTCGCATTATTACTCACGGTACGATACATGGTTAGATCAAGCACAACCCCAAAAATGTGCTAGTGCCAAAGAATTCTGCTACCTCACT,-0.5472424646164533,0.0469513828684315,-0.2492341099065222,0.0476717631610793,-0.419806468972588,0.0473544344977298,-0.7352942096132333,0.0512312025958089,-0.1123586662829347,0.0446342741474283,-0.4088612577268571,0.047839368473023
miRNA_full_AND3_7_context1,hsa-miR-21-3p,hsa-miR-22-3p,hsa-miR-23a-3p,ACAGCCCATCGACTGGTGTTG,CAGTTCTTCAACTGGCAGCTT,GGAAATCCCTGGCAATGTGAT,TTGGAGCCAAGGGTTCACAGCCCATCGACTGGTGTTGTAACAGTTCTTCAACTGGCAGCTTCGGAAATCCCTGGCAATGTGATCAATTCTGCTACCTCACT,-0.5837582307125595,0.0365370371579579,-1.3255917292911965,0.045661651458697,-0.564974985875899,0.0374822888705018,-0.6990037079686432,0.0386647508171828,-1.1420891789806162,0.0413570650888671,-1.112662321857607,0.0444068684943874
miRNA_full_AND3_8_context1,hsa-miR-192-5p,hsa-miR-218-5p,hsa-miR-96-5p,GGCTGTCAATTCATAGGTCAG,ACATGGTTAGATCAAGCACAA,CAAAAATGTGCTAGTGCCAAA,TTGGAGCCAAGGGTTCGGCTGTCAATTCATAGGTCAGTACATGGTTAGATCAAGCACAACCCCAAAAATGTGCTAGTGCCAAAGAATTCTGCTACCTCACT,-0.701509730798019,0.0427055362495356,-0.248653718356177,0.0413863512223471,-0.355820600511134,0.0406786172019662,-0.2603894302076314,0.041084842978596,-0.7501479433282692,0.0438976788038452,-0.3359288702888638,0.0417568655669972
miRNA_full_AND3_9_context1,hsa-miR-122-5p,hsa-miR-223-3p,hsa-miR-23a-3p,AAACACCATTGTCACACTCCA,GGGGTATTTGACAAACTGACA,GGAAATCCCTGGCAATGTGAT,TTGGAGCCAAGGGTTCAAACACCATTGTCACACTCCATAAGGGGTATTTGACAAACTGACACGGAAATCCCTGGCAATGTGATCAATTCTGCTACCTCACT,-0.1902144503565744,0.0386579846575475,-0.8395175917155121,0.0443338835728696,-0.487890143053459,0.0414570416471063,-0.3723885594626511,0.04070795539895,-0.6098148711940884,0.041963756719719,-0.7191851690139146,0.0452178337367863
miRNA_full_AND3_10_context1,hsa-miR-223-3p,hsa-miR-23a-3p,hsa-miR-23a-3p,GGGGTATTTGACAAACTGACA,GGAAATCCCTGGCAATGTGAT,GGAAATCCCTGGCAATGTGAT,TTGGAGCCAAGGGTTCGGGGTATTTGACAAACTGACACGGAAATCCCTGGCAATGTGATCCCGGAAATCCCTGGCAATGTGATCAATTCTGCTACCTCACT,-0.3813282107182009,0.0538068807898506,-1.120353553484511,0.0615242556974234,-0.5268454331796885,0.0575648512816497,-0.6599827103053433,0.0584915478940778,-1.0113555079433705,0.0592624134140808,-1.0423623073118922,0.0628365303837161
miRNA_full_AND3_11_context1,hsa-miR-126-3p,hsa-miR-193b-3p,hsa-miR-221-3p,GCATTATTACTCACGGTACGA,GCGGGACTTTGAGGGCCAGTT,AACCCAGCAGACAATGTAGCT,TTGGAGCCAAGGGTTCGCATTATTACTCACGGTACGATAAGCGGGACTTTGAGGGCCAGTTCTAACCCAGCAGACAATGTAGCTAATTCTGCTACCTCACT,-0.4856758801855111,0.0413133687899907,-0.6514944080985566,0.0433058007695976,-0.3150502096869214,0.0409856850417863,-0.4941587269606742,0.042474543266738,-0.5844640991537244,0.0428833983610658,-0.2428805302563725,0.0420975909610345
miRNA_full_AND3_12_context1,hsa-miR-148a-3p,hsa-miR-192-5p,hsa-miR-7-5p,CAAAGTTCTGTAGTGCACTGA,GGCTGTCAATTCATAGGTCAG,AACAAAATCACTAGTCTTCCA,TTGGAGCCAAGGGTTCCAAAGTTCTGTAGTGCACTGATAAGGCTGTCAATTCATAGGTCAGCTGAACAAAATCACTAGTCTTCCAATTCTGCTACCTCACT,-0.4817638345947871,0.0393705471180256,-0.1420410708352201,0.0385418493765775,-0.191638980002137,0.0381311449277838,-0.1559761932122484,0.037805914477294,-0.5273152418959285,0.0406416225539197,-0.1137787822707671,0.0377969787026721
miRNA_full_AND3_13_context1,hsa-miR-218-5p,hsa-miR-31-5p,hsa-miR-96-5p,ACATGGTTAGATCAAGCACAA,AGCTATGCCAGCATCTTGCCT,CAAAAATGTGCTAGTGCCAAA,TTGGAGCCAAGGGTACATGGTTAGATCAAGCACAAACTAAGCTATGCCAGCATCTTGCCTCCCAAAAATGTGCTAGTGCCAAAGAATTCTGCTACCTCACT,-0.8694746102159461,0.039150527454914,-1.0470435988873157,0.0433127073460919,-0.4020054015567247,0.036739847057652,-0.2108276298471222,0.0358916535839673,-0.1984329930007781,0.0351654945398262,-0.4219658509486366,0.0376702333479972
miRNA_full_AND3_14_context1,hsa-miR-122-5p,hsa-miR-23a-3p,hsa-miR-329-3p,AAACACCATTGTCACACTCCA,GGAAATCCCTGGCAATGTGAT,AAGAGGTTAACCAGGTGTGTT,TTGGAGCCAAGGGTTCAAACACCATTGTCACACTCCACGGAAATCCCTGGCAATGTGATCCCTGAAGAGGTTAACCAGGTGTGTTATTCTGCTACCTCACT,-0.0793842153456451,0.0320060731014447,-0.7955963932995189,0.0368876152528325,-0.3375740746448244,0.0332200973511339,-0.1205200573594179,0.0312814374184383,-0.5974863080620352,0.0348554582484666,-0.63446562499124,0.0370267989093766
miRNA_full_AND3_15_context1,hsa-miR-193b-3p,hsa-miR-221-3p,hsa-miR-329-3p,GCGGGACTTTGAGGGCCAGTT,AACCCAGCAGACAATGTAGCT,AAGAGGTTAACCAGGTGTGTT,TTGGAGCCAAGGGTTCGCGGGACTTTGAGGGCCAGTTTAAACCCAGCAGACAATGTAGCTCCTGAAGAGGTTAACCAGGTGTGTTATTCTGCTACCTCACT,-0.5086967384772061,0.0375489518093806,-0.6688253613162968,0.0396459510030814,-0.2760223324010393,0.0368294049704408,-0.0688734775190478,0.0358270967733988,-0.6408185514997942,0.0393508423888507,-0.3036978347525063,0.0383199431359974
miRNA_full_AND3_16_context1,hsa-miR-126-3p,hsa-miR-218-5p,hsa-miR-22-3p,GCATTATTACTCACGGTACGA,ACATGGTTAGATCAAGCACAA,CAGTTCTTCAACTGGCAGCTT,TTGGAGCCAAGGGTTCGCATTATTACTCACGGTACGATACATGGTTAGATCAAGCACAACCCTGCAGTTCTTCAACTGGCAGCTTATTCTGCTACCTCACT,-0.5951427425073677,0.0402626908089104,-0.3402204406631138,0.039761513824041,-0.2757338343102473,0.0387821889277026,-0.5479274628338288,0.0412083619857092,-0.1318935378715907,0.0381636429474057,-0.5997788906253334,0.0425502628314231
miRNA_full_AND3_17_context1,hsa-miR-142-3p,hsa-miR-193b-3p,hsa-miR-221-3p,CATAAAGTAGGAAACACTACA,GCGGGACTTTGAGGGCCAGTT,AACCCAGCAGACAATGTAGCT,TTGGAGCCAAGGGTTCCATAAAGTAGGAAACACTACATAAGCGGGACTTTGAGGGCCAGTTCTAACCCAGCAGACAATGTAGCTAATTCTGCTACCTCACT,-0.5204394858053997,0.044401874076195,-0.621848725013508,0.0463383338664859,-0.216545418848863,0.0428341895993281,-1.1295306394664284,0.054157875625932,-0.6420209150055567,0.0465844519864964,-0.1726981311146738,0.0435048903635914
miRNA_full_AND3_18_context1,hsa-miR-142-3p,hsa-miR-23a-3p,hsa-miR-200c-3p,CATAAAGTAGGAAACACTACA,GGAAATCCCTGGCAATGTGAT,CATCATTACCCGGCAGTATTA,TTGGAGCCAAGGGTTCCATAAAGTAGGAAACACTACACGGAAATCCCTGGCAATGTGATCCCTGCATCATTACCCGGCAGTATTAATTCTGCTACCTCACT,-0.146166302366231,0.0344608816022339,-0.911728384270296,0.040503741671155,-0.6612954119790774,0.0382026895440257,-0.9666856390497226,0.0424694976886634,-0.6107057034228909,0.0373593973978462,-0.5734329592723317,0.0385966036299486
miRNA_full_AND3_19_context1,hsa-miR-148a-3p,hsa-miR-148a-3p,hsa-miR-7-5p,CAAAGTTCTGTAGTGCACTGA,CAAAGTTCTGTAGTGCACTGA,AACAAAATCACTAGTCTTCCA,TTGGAGCCAAGGGTTCCAAAGTTCTGTAGTGCACTGATAACAAAGTTCTGTAGTGCACTGACTGAACAAAATCACTAGTCTTCCAATTCTGCTACCTCACT,-0.3407299081627623,0.0378447145361084,-0.0110952167058381,0.0359498818896239,-0.1918432071604848,0.0374232522958219,-0.0748860230799348,0.036644680949022,-0.2648198842670888,0.0376900318605157,-0.0816181512296499,0.0368422421071566
miRNA_full_AND3_20_context1,hsa-miR-23a-3p,hsa-miR-23a-3p,hsa-miR-34a-3p,GGAAATCCCTGGCAATGTGAT,GGAAATCCCTGGCAATGTGAT,GGGCAGTATACTTGCTGATTG,TTGGAGCCAAGGGTGGAAATCCCTGGCAATGTGATACTGGAAATCCCTGGCAATGTGATCCCTGGGGCAGTATACTTGCTGATTGATTCTGCTACCTCACT,-0.186174825802593,0.0356578423431038,-1.0109011079108934,0.0410293215825523,-0.4939640323379422,0.0376103229529483,-0.2528449947618645,0.0368084538178169,-0.7921011961799586,0.0388004831984812,-0.928752078656676,0.0419877556097265
miRNA_full_AND3_21_context1,hsa-miR-193b-3p,hsa-miR-196a-5p,hsa-miR-96-5p,GCGGGACTTTGAGGGCCAGTT,CCAACAACATGAAACTACCTA,CAAAAATGTGCTAGTGCCAAA,TTGGAGCCAAGGGTTCGCGGGACTTTGAGGGCCAGTTTCCAACAACATGAAACTACCTACCCCAAAAATGTGCTAGTGCCAAAGAATTCTGCTACCTCACT,-0.5186798757835644,0.0442761699993919,-0.6320972341539427,0.0464807574606416,-0.396348398597822,0.044609912995083,-0.2621174326790452,0.0445917905605132,-0.3675966493252538,0.0435886730254836,-0.1100028073462366,0.0419024412794081
miRNA_full_AND3_22_context1,hsa-miR-192-5p,hsa-miR-218-5p,hsa-miR-200c-3p,GGCTGTCAATTCATAGGTCAG,ACATGGTTAGATCAAGCACAA,CATCATTACCCGGCAGTATTA,TTGGAGCCAAGGGTTCGGCTGTCAATTCATAGGTCAGTACATGGTTAGATCAAGCACAACCCTGCATCATTACCCGGCAGTATTAATTCTGCTACCTCACT,-0.7414754404694747,0.0348173143594514,0.0145154424431781,0.0313694678253517,-0.4450917076377368,0.0336865398078874,-0.0870630794573189,0.0311853969876492,-0.5783660957196746,0.0342588508100169,-0.2772477533502163,0.0336778484342249
miRNA_full_AND3_23_context1,hsa-miR-125b-5p,hsa-miR-494-3p,hsa-miR-193b-3p,CACAAGTTAGGGTCTCAGGGA,AGGTTTCCCGTGTATGTTTCA,GCGGGACTTTGAGGGCCAGTT,TTGGAGCCAAGGGTTCCACAAGTTAGGGTCTCAGGGATAAGGTTTCCCGTGTATGTTTCACCTGGCGGGACTTTGAGGGCCAGTTATTCTGCTACCTCACT,-0.0191188843788084,0.028114008460962,-0.4528337786384457,0.0297619365368373,-0.2208218292013037,0.0285642143213113,0.0633263182432459,0.0286519913234584,-0.1964608286951861,0.0284152156380037,-0.35311858966262,0.029951612419043
miRNA_full_AND3_24_context1,hsa-miR-142-3p,hsa-miR-218-5p,hsa-miR-22-3p,CATAAAGTAGGAAACACTACA,ACATGGTTAGATCAAGCACAA,CAGTTCTTCAACTGGCAGCTT,TTGGAGCCAAGGGTTCCATAAAGTAGGAAACACTACATACATGGTTAGATCAAGCACAACCCTGCAGTTCTTCAACTGGCAGCTTATTCTGCTACCTCACT,-0.7485932996091866,0.0409345844186452,-0.5482019265918054,0.0401969866953934,-0.2371108476866488,0.0375831993546763,-1.2532041477307276,0.0534926022776583,-0.246595330788355,0.0374892876405197,-0.750569000952172,0.0443569813305104
miRNA_full_AND3_25_context1,hsa-miR-142-3p,hsa-miR-23a-3p,hsa-miR-23a-3p,CATAAAGTAGGAAACACTACA,GGAAATCCCTGGCAATGTGAT,GGAAATCCCTGGCAATGTGAT,TTGGAGCCAAGGGTTCCATAAAGTAGGAAACACTACACGGAAATCCCTGGCAATGTGATCCCGGAAATCCCTGGCAATGTGATCAATTCTGCTACCTCACT,-0.3892631342369373,0.0517851252454439,-1.2368726499489466,0.0621372879569805,-0.6140845896015606,0.0559987772870368,-1.029746250417255,0.0596368587749324,-1.0277688742538256,0.057588711160883,-1.0513991727808325,0.0614543518601377
miRNA_full_AND3_26_context1,hsa-miR-126-3p,hsa-miR-148a-3p,hsa-miR-7-5p,GCATTATTACTCACGGTACGA,CAAAGTTCTGTAGTGCACTGA,AACAAAATCACTAGTCTTCCA,TTGGAGCCAAGGGTTCGCATTATTACTCACGGTACGATAACAAAGTTCTGTAGTGCACTGACTGAACAAAATCACTAGTCTTCCAATTCTGCTACCTCACT,-0.5676403035147357,0.0373494088108827,-0.1096498896641833,0.0345658093289979,-0.3061972354706594,0.0362253310810155,-0.5675446777099502,0.0393544855511124,-0.336578944860037,0.0360843203871107,-0.1443860339040837,0.0356954575341943
miRNA_full_AND3_27_context1,hsa-miR-10a-5p,hsa-miR-193b-3p,hsa-miR-96-5p,CAAATTCGGATCTACAGGGTA,GCGGGACTTTGAGGGCCAGTT,CAAAAATGTGCTAGTGCCAAA,TTGGAGCCAAGGGTTCCAAATTCGGATCTACAGGGTATAAGCGGGACTTTGAGGGCCAGTTCCAAAAATGTGCTAGTGCCAAAGAATTCTGCTACCTCACT,-0.5271700079083195,0.0386288623233366,-0.3566779429857024,0.038659069015925,-0.3719598060230396,0.0385502580332949,-0.171114040223562,0.0370974211281706,-0.3189971776228826,0.0375540871909107,-0.0939561533496979,0.0364857009599254
miRNA_full_AND3_28_context1,hsa-miR-148a-3p,hsa-miR-218-5p,hsa-miR-7-5p,CAAAGTTCTGTAGTGCACTGA,ACATGGTTAGATCAAGCACAA,AACAAAATCACTAGTCTTCCA,TTGGAGCCAAGGGTTCCAAAGTTCTGTAGTGCACTGATACATGGTTAGATCAAGCACAACCCTGAACAAAATCACTAGTCTTCCAATTCTGCTACCTCACT,-0.92836839223563,0.0443418139381868,-0.1741871676491507,0.0399272461481121,-0.1850901688361839,0.0383725042035273,-0.1632317106505443,0.0383180763114835,-0.2795433046132488,0.038792164468038,-0.5375751596979738,0.043319904749861
miRNA_full_AND3_29_context1,hsa-miR-192-5p,hsa-miR-218-5p,hsa-miR-7-5p,GGCTGTCAATTCATAGGTCAG,ACATGGTTAGATCAAGCACAA,AACAAAATCACTAGTCTTCCA,TTGGAGCCAAGGGTTCGGCTGTCAATTCATAGGTCAGTACATGGTTAGATCAAGCACAACCCTGAACAAAATCACTAGTCTTCCAATTCTGCTACCTCACT,-0.9376206947039898,0.0379416594601604,-0.2616136053942159,0.0345183500748088,-0.209402777925363,0.0332860193195133,-0.2294573255514166,0.0341534207186639,-0.6747179771762547,0.0365790982123567,-0.5683941048126697,0.0373849782501811
miRNA_full_AND3_30_context1,hsa-miR-125b-5p,hsa-miR-494-3p,hsa-miR-200c-3p,CACAAGTTAGGGTCTCAGGGA,AGGTTTCCCGTGTATGTTTCA,CATCATTACCCGGCAGTATTA,TTGGAGCCAAGGGTTCCACAAGTTAGGGTCTCAGGGATAAGGTTTCCCGTGTATGTTTCACCTGCATCATTACCCGGCAGTATTAATTCTGCTACCTCACT,-0.0156710474783895,0.026175360316296,-0.2609751482395911,0.0274753061395095,-0.49025206205097,0.0284179735920646,0.0519242534639969,0.0267184223626874,-0.0307469868564676,0.0262873256633075,-0.3260035126782248,0.0282556485908198
miRNA_full_AND3_31_context1,hsa-miR-18a-5p,hsa-miR-31-5p,hsa-miR-141-3p,ATCTGCACTAGATGCACCTTA,AGCTATGCCAGCATCTTGCCT,CATCTTTACCAGACAGTGTTA,TTGGAGCCAAGGGTATCTGCACTAGATGCACCTTAACTAAGCTATGCCAGCATCTTGCCTCCTGCATCTTTACCAGACAGTGTTAATTCTGCTACCTCACT,-1.145226406044799,0.0433686447898815,-1.0772360815771225,0.0447503207854565,-0.5317767148656954,0.0396804483704436,-0.9959369158632848,0.0446192098799119,-0.7742679494845214,0.0407970391696028,-0.1852574686685243,0.0379045355751968
miRNA_full_AND3_32_context1,hsa-miR-148a-3p,hsa-miR-18a-5p,hsa-miR-7-5p,CAAAGTTCTGTAGTGCACTGA,ATCTGCACTAGATGCACCTTA,AACAAAATCACTAGTCTTCCA,TTGGAGCCAAGGGTTCCAAAGTTCTGTAGTGCACTGATATCTGCACTAGATGCACCTTACCCTGAACAAAATCACTAGTCTTCCAATTCTGCTACCTCACT,-1.2942359277494897,0.051665396056322,-0.7596804973937692,0.0457717495219211,-0.3009137118895194,0.0416960081820207,-1.220801481474326,0.0556453661002327,-0.9595428658740734,0.0473810505291632,-0.4096362585556505,0.0436888667607446
miRNA_full_AND3_33_context1,hsa-miR-218-5p,hsa-miR-7-5p,hsa-miR-200c-3p,ACATGGTTAGATCAAGCACAA,AACAAAATCACTAGTCTTCCA,CATCATTACCCGGCAGTATTA,TTGGAGCCAAGGGTACATGGTTAGATCAAGCACAACCTAAAACAAAATCACTAGTCTTCCACTGCATCATTACCCGGCAGTATTAATTCTGCTACCTCACT,-1.0164350699558833,0.043301855234419,-0.1818975684788494,0.0388303611076192,-0.5627880388350431,0.0406915383345503,-0.1893600742903382,0.0377122393084789,-0.2618849512407727,0.0375013071358021,-0.4568486339791102,0.0404479143855623
miRNA_full_AND3_34_context1,hsa-miR-122-5p,hsa-miR-218-5p,hsa-miR-31-5p,AAACACCATTGTCACACTCCA,ACATGGTTAGATCAAGCACAA,AGCTATGCCAGCATCTTGCCT,TTGGAGCCAAGGGTTCAAACACCATTGTCACACTCCATACATGGTTAGATCAAGCACAACCCTAGCTATGCCAGCATCTTGCCTAATTCTGCTACCTCACT,-0.889623874371882,0.0329278358636738,-1.037744466477134,0.0372446026301539,0.0523595477978883,0.0282327273569856,0.0049831056051651,0.0287878028148755,-0.0079746493205427,0.0283489436631637,-0.3354647141203745,0.030705778276045
miRNA_full_AND3_35_context1,hsa-miR-193b-3p,hsa-miR-193b-3p,hsa-miR-96-5p,GCGGGACTTTGAGGGCCAGTT,GCGGGACTTTGAGGGCCAGTT,CAAAAATGTGCTAGTGCCAAA,TTGGAGCCAAGGGTTCGCGGGACTTTGAGGGCCAGTTTAAGCGGGACTTTGAGGGCCAGTTCCAAAAATGTGCTAGTGCCAAAGAATTCTGCTACCTCACT,-0.2425550308090595,0.0646603111269638,-0.6261302200777599,0.0701263365616521,-0.4132310648283689,0.0685754826643106,-0.2272722161062767,0.0660597674767042,-0.4947543150119774,0.0686162269052228,-0.1495884212592036,0.0632917067037436
miRNA_full_AND3_36_context1,hsa-miR-18a-5p,hsa-miR-221-3p,hsa-miR-141-3p,ATCTGCACTAGATGCACCTTA,AACCCAGCAGACAATGTAGCT,CATCTTTACCAGACAGTGTTA,TTGGAGCCAAGGGTATCTGCACTAGATGCACCTTACCTAAACCCAGCAGACAATGTAGCTCCTGCATCTTTACCAGACAGTGTTAATTCTGCTACCTCACT,-1.093914271292093,0.0432478170747983,-0.6377055393022729,0.0410529798156401,-0.5408248451399629,0.0409377099536409,-0.9352773531882408,0.0441987732725691,-0.8113086093580947,0.0419287805587937,-0.522205752117458,0.0412147486229879
miRNA_full_AND3_37_context1,hsa-miR-122-5p,hsa-miR-23a-3p,hsa-miR-34a-3p,AAACACCATTGTCACACTCCA,GGAAATCCCTGGCAATGTGAT,GGGCAGTATACTTGCTGATTG,TTGGAGCCAAGGGTTCAAACACCATTGTCACACTCCACGGAAATCCCTGGCAATGTGATCCCTGGGGCAGTATACTTGCTGATTGATTCTGCTACCTCACT,-0.0648406156863535,0.0298648181583648,-0.7390922152748305,0.0335330560653219,-0.3257332493259251,0.0308324321921031,-0.084460935303059,0.0296265137585649,-0.4496134346034457,0.0312515556504904,-0.5059463660777426,0.0328594239600987
miRNA_full_AND3_38_context1,hsa-miR-142-3p,hsa-miR-22-3p,hsa-miR-23a-3p,CATAAAGTAGGAAACACTACA,CAGTTCTTCAACTGGCAGCTT,GGAAATCCCTGGCAATGTGAT,TTGGAGCCAAGGGTTCCATAAAGTAGGAAACACTACATAACAGTTCTTCAACTGGCAGCTTCGGAAATCCCTGGCAATGTGATCAATTCTGCTACCTCACT,-0.6064038481835874,0.0528705330126163,-1.3141590770338432,0.0629628303960991,-0.6352435426155612,0.0548963082324111,-1.312391389295063,0.0648275916964536,-1.1300986498110346,0.0579029526450858,-1.086472395822143,0.0611463711648103
miRNA_full_AND3_39_context1,hsa-miR-22-3p,hsa-miR-23a-3p,hsa-miR-200c-3p,CAGTTCTTCAACTGGCAGCTT,GGAAATCCCTGGCAATGTGAT,CATCATTACCCGGCAGTATTA,TTGGAGCCAAGGGTTCCAGTTCTTCAACTGGCAGCTTTGGAAATCCCTGGCAATGTGATCCCTGCATCATTACCCGGCAGTATTAATTCTGCTACCTCACT,-0.2394659520129575,0.0347769236741438,-1.200269552909845,0.043901247357941,-0.6852383787782931,0.0379340725076304,-0.4279869787617165,0.0363120486061767,-0.8998649522280581,0.0389126177564312,-0.8869846488250636,0.0413275073282731
miRNA_full_AND3_40_context1,hsa-miR-125b-5p,hsa-miR-125b-5p,hsa-miR-494-3p,CACAAGTTAGGGTCTCAGGGA,CACAAGTTAGGGTCTCAGGGA,AGGTTTCCCGTGTATGTTTCA,TTGGAGCCAAGGGTTCCACAAGTTAGGGTCTCAGGGATAACACAAGTTAGGGTCTCAGGGACTAGGTTTCCCGTGTATGTTTCAAATTCTGCTACCTCACT,0.0623533645006676,0.0280025939794923,-0.5505825260069345,0.0309136585106662,0.0424158813210559,0.0280571912594512,0.1568936998831123,0.0282951845254612,0.0698019944013026,0.0281286902927863,-0.6032862062828552,0.0328591420607655
miRNA_full_AND3_41_context1,hsa-miR-17-3p,hsa-miR-218-5p,hsa-miR-96-5p,TACAAGTGCCTTCACTGCAGT,ACATGGTTAGATCAAGCACAA,CAAAAATGTGCTAGTGCCAAA,TTGGAGCCAAGGGTTCTACAAGTGCCTTCACTGCAGTTACATGGTTAGATCAAGCACAACCCCAAAAATGTGCTAGTGCCAAAGAATTCTGCTACCTCACT,-0.7335258160581114,0.0474266874820524,-0.3253610776031818,0.0454728867520123,-0.3024955073524877,0.0443399412237037,-0.5852763455567394,0.0475615882810595,-0.240852024206341,0.043640405336997,-0.3257002030264618,0.0460998136974706
miRNA_full_AND3_42_context1,hsa-miR-218-5p,hsa-miR-22-3p,hsa-miR-329-3p,ACATGGTTAGATCAAGCACAA,CAGTTCTTCAACTGGCAGCTT,AAGAGGTTAACCAGGTGTGTT,TTGGAGCCAAGGGTACATGGTTAGATCAAGCACAAACTAACAGTTCTTCAACTGGCAGCTTCTGAAGAGGTTAACCAGGTGTGTTATTCTGCTACCTCACT,-0.880127565215681,0.0433481198460674,-0.7634948903313893,0.0435170895250511,-0.3823226122051756,0.0409817393777318,-0.2218957636646462,0.0404937664929683,-0.4551787631800271,0.0410381075042325,-0.9790090456241326,0.0481161103146264
miRNA_full_AND3_43_context1,hsa-miR-193b-3p,hsa-miR-329-3p,hsa-miR-96-5p,GCGGGACTTTGAGGGCCAGTT,AAGAGGTTAACCAGGTGTGTT,CAAAAATGTGCTAGTGCCAAA,TTGGAGCCAAGGGTTCGCGGGACTTTGAGGGCCAGTTTAAAAGAGGTTAACCAGGTGTGTTCCAAAAATGTGCTAGTGCCAAAGAATTCTGCTACCTCACT,-0.287603636593015,0.0435141344408161,-0.6307383050874023,0.0466462316004068,-0.4271309592430057,0.0454537595845519,-0.3260060930117346,0.045425439451411,-0.5124977096374619,0.0455743976217093,-0.1536081278344068,0.0433353955618332
miRNA_full_AND3_44_context1,hsa-miR-142-3p,hsa-miR-218-5p,hsa-miR-31-5p,CATAAAGTAGGAAACACTACA,ACATGGTTAGATCAAGCACAA,AGCTATGCCAGCATCTTGCCT,TTGGAGCCAAGGGTTCCATAAAGTAGGAAACACTACATACATGGTTAGATCAAGCACAACCCTAGCTATGCCAGCATCTTGCCTAATTCTGCTACCTCACT,-0.9358359419105008,0.0366653310646611,-1.0268770417138733,0.0403677294875778,0.0192882456189756,0.0313128916503979,-1.220814901329969,0.0468119382674382,-0.0115727865742139,0.0314460148084948,-0.3024461733509627,0.0338134672133373
miRNA_full_AND3_45_context1,hsa-miR-193b-3p,hsa-miR-31-5p,hsa-miR-96-5p,GCGGGACTTTGAGGGCCAGTT,AGCTATGCCAGCATCTTGCCT,CAAAAATGTGCTAGTGCCAAA,TTGGAGCCAAGGGTTCGCGGGACTTTGAGGGCCAGTTTAAGCTATGCCAGCATCTTGCCTCCCAAAAATGTGCTAGTGCCAAAGAATTCTGCTACCTCACT,-0.3372714418155963,0.0329637930099765,-1.0915187644900797,0.0419029740900228,-0.4177587404125841,0.0342830176493439,-0.1616234474508957,0.0327391277331039,-0.437461549969274,0.0339222214859421,-0.0696487503641243,0.0322827745914365
miRNA_full_AND3_46_context1,hsa-miR-18a-5p,hsa-miR-192-5p,hsa-miR-200c-3p,ATCTGCACTAGATGCACCTTA,GGCTGTCAATTCATAGGTCAG,CATCATTACCCGGCAGTATTA,TTGGAGCCAAGGGTATCTGCACTAGATGCACCTTAACTAAGGCTGTCAATTCATAGGTCAGCTGCATCATTACCCGGCAGTATTAATTCTGCTACCTCACT,-0.9465496039930892,0.0440417557090074,-0.3243876477819671,0.0418536978143247,-0.4617135440615117,0.0425180804692975,-0.9463667610869956,0.0462014828085061,-0.8164721732357774,0.044021519510549,-0.0719666474954144,0.0394690653094999
miRNA_full_AND3_47_context1,hsa-miR-125b-5p,hsa-miR-122-5p,hsa-miR-494-3p,CACAAGTTAGGGTCTCAGGGA,AAACACCATTGTCACACTCCA,AGGTTTCCCGTGTATGTTTCA,TTGGAGCCAAGGGTTCCACAAGTTAGGGTCTCAGGGATAAAAACACCATTGTCACACTCCACTAGGTTTCCCGTGTATGTTTCAAATTCTGCTACCTCACT,0.0125869159460174,0.0264891207454288,-0.4611382878479521,0.0289489559720371,-0.0090801480114204,0.0266340973249079,0.0856927769815701,0.0270446415782098,-0.001931480594597,0.0266385349248592,-0.5130848905429009,0.0306599435123084
miRNA_full_AND3_48_context1,hsa-miR-148a-3p,hsa-miR-7-5p,hsa-miR-200c-3p,CAAAGTTCTGTAGTGCACTGA,AACAAAATCACTAGTCTTCCA,CATCATTACCCGGCAGTATTA,TTGGAGCCAAGGGTTCCAAAGTTCTGTAGTGCACTGATAAAACAAAATCACTAGTCTTCCACTGCATCATTACCCGGCAGTATTAATTCTGCTACCTCACT,-0.480370141055873,0.0353947752640894,-0.0340757172734428,0.0326123623746201,-0.5463659786997048,0.0374550554169207,-0.1148803682863254,0.0330385644445312,-0.2572521477320707,0.0344760051815081,0.009908329130334,0.0342851473844854
miRNA_full_AND3_49_context1,hsa-miR-218-5p,hsa-miR-96-5p,hsa-miR-96-5p,ACATGGTTAGATCAAGCACAA,CAAAAATGTGCTAGTGCCAAA,CAAAAATGTGCTAGTGCCAAA,TTGGAGCCAAGGGTACATGGTTAGATCAAGCACAAACTCAAAAATGTGCTAGTGCCAAACCCCAAAAATGTGCTAGTGCCAAAGAATTCTGCTACCTCACT,-0.359306365093012,0.0522384259220951,-0.1469369638263297,0.0523474598719727,-0.3782622924256373,0.0538177389625364,-0.214815494131688,0.0526597122613255,-0.1301996979165823,0.0511222286322621,-0.204988120169777,0.0534441481386052
miRNA_full_AND3_50_context1,hsa-miR-100-5p,hsa-miR-125b-5p,hsa-miR-494-3p,ACAAGTTCGGATCTACGGGTT,CACAAGTTAGGGTCTCAGGGA,AGGTTTCCCGTGTATGTTTCA,TTGGAGCCAAGGGTTCACAAGTTCGGATCTACGGGTTTAACACAAGTTAGGGTCTCAGGGACTAGGTTTCCCGTGTATGTTTCAAATTCTGCTACCTCACT,0.0284707147161263,0.0226812660475886,-0.5711173944233001,0.0256439504824429,0.0125678509550257,0.0228447480597022,0.0620218841620612,0.0232052529076375,0.0467920730666152,0.0227937772607747,-0.5833109505459726,0.0271533246348128
miRNA_full_AND3_51_context1,hsa-miR-22-3p,hsa-miR-23a-3p,hsa-miR-329-3p,CAGTTCTTCAACTGGCAGCTT,GGAAATCCCTGGCAATGTGAT,AAGAGGTTAACCAGGTGTGTT,TTGGAGCCAAGGGTTCCAGTTCTTCAACTGGCAGCTTTGGAAATCCCTGGCAATGTGATCCCTGAAGAGGTTAACCAGGTGTGTTATTCTGCTACCTCACT,-0.1451327450057944,0.0280968673546614,-1.0715507898639314,0.0351271965808663,-0.4727292352262721,0.0298109198900486,-0.3212979170249508,0.0294592202973685,-0.8390432692530295,0.0317737231216709,-0.902751437595287,0.0349491924516896
miRNA_full_AND3_52_context1,hsa-miR-125b-5p,hsa-miR-494-3p,hsa-miR-494-3p,CACAAGTTAGGGTCTCAGGGA,AGGTTTCCCGTGTATGTTTCA,AGGTTTCCCGTGTATGTTTCA,TTGGAGCCAAGGGTTCCACAAGTTAGGGTCTCAGGGATAAGGTTTCCCGTGTATGTTTCACCTAGGTTTCCCGTGTATGTTTCAAATTCTGCTACCTCACT,-0.0021400070427704,0.0292142222864454,-0.3732223888450261,0.0306770706351928,0.0215859376098417,0.0291763738370941,0.1455976250452078,0.0294944959053454,0.0576827415737129,0.0292835722803105,-0.42696561086609,0.031684748168813
miRNA_full_AND3_53_context1,hsa-miR-125b-5p,hsa-miR-494-3p,hsa-miR-31-5p,CACAAGTTAGGGTCTCAGGGA,AGGTTTCCCGTGTATGTTTCA,AGCTATGCCAGCATCTTGCCT,TTGGAGCCAAGGGTTCCACAAGTTAGGGTCTCAGGGATAAGGTTTCCCGTGTATGTTTCACCTAGCTATGCCAGCATCTTGCCTAATTCTGCTACCTCACT,-0.0867327725073219,0.0207625483358252,-1.0133906577126028,0.0286123102486737,0.0331597227557395,0.0207441341498046,0.1748914947691612,0.0207428279880945,0.0694274395021951,0.0206744500934782,-0.2883463409942529,0.0226867537278315
miRNA_full_AND3_54_context1,hsa-miR-125b-5p,hsa-miR-494-3p,hsa-miR-221-3p,CACAAGTTAGGGTCTCAGGGA,AGGTTTCCCGTGTATGTTTCA,AACCCAGCAGACAATGTAGCT,TTGGAGCCAAGGGTTCCACAAGTTAGGGTCTCAGGGATAAGGTTTCCCGTGTATGTTTCACCTAACCCAGCAGACAATGTAGCTAATTCTGCTACCTCACT,-0.4451523588318213,0.0271245056397415,-0.4815699077389302,0.0282201627665172,-0.0052159347263504,0.0260534737033185,0.0853327699741903,0.0264485079234615,-0.2865065395895185,0.0267665939024136,-0.342475503238438,0.0282568977397006
miRNA_full_AND3_55_context1,hsa-miR-100-5p,hsa-miR-494-3p,hsa-miR-494-3p,ACAAGTTCGGATCTACGGGTT,AGGTTTCCCGTGTATGTTTCA,AGGTTTCCCGTGTATGTTTCA,TTGGAGCCAAGGGTTCACAAGTTCGGATCTACGGGTTTAAGGTTTCCCGTGTATGTTTCACCTAGGTTTCCCGTGTATGTTTCAAATTCTGCTACCTCACT,-0.0183380819880303,0.0316981376772495,-0.3791923272011368,0.0332926353559269,0.0169159598238499,0.0316032650212655,0.0794533639618422,0.0323573760000324,0.0395439666424795,0.0317552695973983,-0.2893559924690678,0.0337525486071238
miRNA_full_AND3_56_context1,hsa-miR-126-3p,hsa-miR-148a-3p,hsa-miR-31-5p,GCATTATTACTCACGGTACGA,CAAAGTTCTGTAGTGCACTGA,AGCTATGCCAGCATCTTGCCT,TTGGAGCCAAGGGTTCGCATTATTACTCACGGTACGATAACAAAGTTCTGTAGTGCACTGACTAGCTATGCCAGCATCTTGCCTAATTCTGCTACCTCACT,-0.6306558310491954,0.0453230138574161,-0.9803201647393118,0.0492047009945485,-0.1543385169897974,0.0424420759905143,-0.5837478401787558,0.0462707349396194,-0.224786273498045,0.0427772912187673,-0.0187733950534958,0.0422264031957387
miRNA_full_AND3_57_context1,hsa-miR-193b-3p,hsa-miR-196a-5p,hsa-miR-31-5p,GCGGGACTTTGAGGGCCAGTT,CCAACAACATGAAACTACCTA,AGCTATGCCAGCATCTTGCCT,TTGGAGCCAAGGGTTCGCGGGACTTTGAGGGCCAGTTTCCAACAACATGAAACTACCTACCCTAGCTATGCCAGCATCTTGCCTAATTCTGCTACCTCACT,-0.458527921104324,0.0279032993830107,-1.133821394573343,0.0367149557851114,-0.2290366474933657,0.0274015808483976,0.005170075317997,0.0272013062018802,-0.2264408585410308,0.0272574208147458,0.0008314008684421,0.0271669379524403
miRNA_full_AND3_58_context1,hsa-miR-218-5p,hsa-miR-22-3p,hsa-miR-31-5p,ACATGGTTAGATCAAGCACAA,CAGTTCTTCAACTGGCAGCTT,AGCTATGCCAGCATCTTGCCT,TTGGAGCCAAGGGTACATGGTTAGATCAAGCACAAACTAACAGTTCTTCAACTGGCAGCTTCTAGCTATGCCAGCATCTTGCCTAATTCTGCTACCTCACT,-0.7704992527211391,0.0315049758970022,-1.1762843715181748,0.0396550637036945,-0.1259855576372701,0.028251113637645,-0.0047802910915522,0.0284016897565288,-0.034681726970313,0.0280510841698161,-0.6094694865619115,0.0328872508684668
miRNA_full_AND3_59_context1,hsa-miR-218-5p,hsa-miR-22-3p,hsa-miR-221-3p,ACATGGTTAGATCAAGCACAA,CAGTTCTTCAACTGGCAGCTT,AACCCAGCAGACAATGTAGCT,TTGGAGCCAAGGGTACATGGTTAGATCAAGCACAAACTAACAGTTCTTCAACTGGCAGCTTCTAACCCAGCAGACAATGTAGCTAATTCTGCTACCTCACT,-0.9693548478067212,0.0427537012710251,-0.7068306702293847,0.0419205080118179,-0.2578024701622372,0.0387390665431274,-0.1886867152898597,0.0387506702923537,-0.526898414422844,0.040511405108613,-0.9674546445349268,0.0468034106466039
miRNA_full_AND3_60_context1,hsa-miR-148a-3p,hsa-miR-7-5p,hsa-miR-7-5p,CAAAGTTCTGTAGTGCACTGA,AACAAAATCACTAGTCTTCCA,AACAAAATCACTAGTCTTCCA,TTGGAGCCAAGGGTTCCAAAGTTCTGTAGTGCACTGATAAAACAAAATCACTAGTCTTCCACTGAACAAAATCACTAGTCTTCCAATTCTGCTACCTCACT,-0.5931033227036467,0.0382845354721897,-0.2762460831981758,0.037467555070414,-0.2723321324987744,0.0364184155370521,-0.23208471239582,0.0371123563336434,-0.3632028655687696,0.0368068734961804,-0.193082954031056,0.0372361358219191
miRNA_full_AND3_61_context1,hsa-miR-122-5p,hsa-miR-142-3p,hsa-miR-23a-3p,AAACACCATTGTCACACTCCA,CATAAAGTAGGAAACACTACA,GGAAATCCCTGGCAATGTGAT,TTGGAGCCAAGGGTTCAAACACCATTGTCACACTCCATAACATAAAGTAGGAAACACTACACGGAAATCCCTGGCAATGTGATCAATTCTGCTACCTCACT,-0.3265919360201517,0.0475385597700334,-0.9964116669314036,0.0568485436638529,-0.5472143382187646,0.0518275109195642,-1.2958513941122345,0.0678558219680182,-0.8313628431415109,0.0536271550705986,-0.8320197393294559,0.0571828918238809
miRNA_full_AND3_62_context1,hsa-miR-142-3p,hsa-miR-148a-3p,hsa-miR-31-5p,CATAAAGTAGGAAACACTACA,CAAAGTTCTGTAGTGCACTGA,AGCTATGCCAGCATCTTGCCT,TTGGAGCCAAGGGTTCCATAAAGTAGGAAACACTACATAACAAAGTTCTGTAGTGCACTGACTAGCTATGCCAGCATCTTGCCTAATTCTGCTACCTCACT,-0.4343342056185268,0.0301573193827793,-0.9200414127606212,0.0361757943959502,-0.0465969429006793,0.0290449843406997,-0.7208198349748833,0.0346541311456452,-0.2168997253574651,0.0294942727681987,0.1197349228346741,0.029608659465741
miRNA_full_AND3_63_context1,hsa-miR-193b-3p,hsa-miR-96-5p,hsa-miR-96-5p,GCGGGACTTTGAGGGCCAGTT,CAAAAATGTGCTAGTGCCAAA,CAAAAATGTGCTAGTGCCAAA,TTGGAGCCAAGGGTTCGCGGGACTTTGAGGGCCAGTTTCAAAAATGTGCTAGTGCCAAACCCCAAAAATGTGCTAGTGCCAAAGAATTCTGCTACCTCACT,-0.1923180851864557,0.0517227081856538,-0.4813177679351311,0.0546128814365837,-0.4755335571657949,0.055372438547896,-0.2192201124947159,0.0527688874834663,-0.3365532259845846,0.0522517787801188,-0.0640414450687588,0.0497313681098655
miRNA_full_AND3_64_context1,hsa-miR-142-3p,hsa-miR-193b-3p,hsa-miR-96-5p,CATAAAGTAGGAAACACTACA,GCGGGACTTTGAGGGCCAGTT,CAAAAATGTGCTAGTGCCAAA,TTGGAGCCAAGGGTTCCATAAAGTAGGAAACACTACATAAGCGGGACTTTGAGGGCCAGTTCCAAAAATGTGCTAGTGCCAAAGAATTCTGCTACCTCACT,-0.1664779086005832,0.0400669702297072,-0.4454665306808166,0.0423771524670974,-0.3888385108637156,0.041926696704142,-1.2385526994458638,0.0560374540558446,-0.3391873475996284,0.0408600465166598,-0.1050043275424288,0.0395394711071925
miRNA_full_AND3_65_context1,hsa-miR-125b-5p,hsa-miR-122-5p,hsa-miR-218-5p,CACAAGTTAGGGTCTCAGGGA,AAACACCATTGTCACACTCCA,ACATGGTTAGATCAAGCACAA,TTGGAGCCAAGGGTTCCACAAGTTAGGGTCTCAGGGATAAAAACACCATTGTCACACTCCACACATGGTTAGATCAAGCACAAGAATTCTGCTACCTCACT,-0.8655723282870293,0.0378719386009235,-0.5507160373303742,0.0361172106630842,-0.0192175637709162,0.0325771577896716,-0.0164698120737665,0.0330792797935058,-0.0385220711333463,0.0326961992831539,-1.048104646784146,0.0472864866840897
miRNA_full_AND3_66_context1,hsa-miR-125b-5p,hsa-miR-122-5p,hsa-miR-221-3p,CACAAGTTAGGGTCTCAGGGA,AAACACCATTGTCACACTCCA,AACCCAGCAGACAATGTAGCT,TTGGAGCCAAGGGTTCCACAAGTTAGGGTCTCAGGGATAAAAACACCATTGTCACACTCCACTAACCCAGCAGACAATGTAGCTAATTCTGCTACCTCACT,-0.4014330949617174,0.0358281746101005,-0.6680725655383423,0.0398099746995773,-0.0838316243362615,0.034633811304907,0.0040804993636764,0.0352173487902034,-0.2570268015498325,0.0353384159298052,-0.5345609223537215,0.0400670576234195
miRNA_full_AND3_67_context1,hsa-miR-196a-5p,hsa-miR-31-5p,hsa-miR-96-5p,CCAACAACATGAAACTACCTA,AGCTATGCCAGCATCTTGCCT,CAAAAATGTGCTAGTGCCAAA,TTGGAGCCAAGGGTCCAACAACATGAAACTACCTAACTAAGCTATGCCAGCATCTTGCCTCCCAAAAATGTGCTAGTGCCAAAGAATTCTGCTACCTCACT,-0.6924573441930617,0.0376976282057788,-1.0850728468853983,0.045776437468687,-0.3618481147968139,0.0358152204217704,-0.1139261702590026,0.0331867578379528,-0.2135469894225888,0.0344418740533561,0.0012486364415916,0.0343552872649787
miRNA_full_AND3_68_context1,hsa-miR-126-3p,hsa-miR-193b-3p,hsa-miR-200c-3p,GCATTATTACTCACGGTACGA,GCGGGACTTTGAGGGCCAGTT,CATCATTACCCGGCAGTATTA,TTGGAGCCAAGGGTTCGCATTATTACTCACGGTACGATAAGCGGGACTTTGAGGGCCAGTTCTGCATCATTACCCGGCAGTATTAATTCTGCTACCTCACT,-0.0906108203351479,0.0435254934895099,-0.3472837502166052,0.0453139234071675,-0.6062726995536003,0.0474208585967434,-0.5036130549646207,0.0461750244424733,-0.3051626636953868,0.0439530025408334,-0.0356892880114105,0.0427009048380024
miRNA_full_AND3_69_context1,hsa-miR-142-3p,hsa-miR-221-3p,hsa-miR-31-5p,CATAAAGTAGGAAACACTACA,AACCCAGCAGACAATGTAGCT,AGCTATGCCAGCATCTTGCCT,TTGGAGCCAAGGGTTCCATAAAGTAGGAAACACTACATAAACCCAGCAGACAATGTAGCTCCTAGCTATGCCAGCATCTTGCCTAATTCTGCTACCTCACT,-0.4159603093768769,0.031098543348556,-1.022275378158119,0.0385700489707085,-0.0693002639266613,0.0301475089074845,-1.0616264608909531,0.0407733462173848,-0.2559434201893075,0.0306840044891291,-0.1824670314270252,0.031381016007734
miRNA_full_AND3_70_context1,hsa-miR-122-5p,hsa-miR-126-3p,hsa-miR-23a-3p,AAACACCATTGTCACACTCCA,GCATTATTACTCACGGTACGA,GGAAATCCCTGGCAATGTGAT,TTGGAGCCAAGGGTTCAAACACCATTGTCACACTCCATAAGCATTATTACTCACGGTACGACGGAAATCCCTGGCAATGTGATCAATTCTGCTACCTCACT,-0.3344798712142424,0.038125680892913,-1.0927962397447462,0.0473404502267175,-0.5423044802661431,0.0409092085163528,-0.8798133384164678,0.0450578937483303,-0.7743686435693405,0.0422078231149859,-1.007250341360048,0.048860242490552
miRNA_full_AND3_71_context1,hsa-miR-23a-3p,hsa-miR-23a-3p,hsa-miR-329-3p,GGAAATCCCTGGCAATGTGAT,GGAAATCCCTGGCAATGTGAT,AAGAGGTTAACCAGGTGTGTT,TTGGAGCCAAGGGTGGAAATCCCTGGCAATGTGATACTGGAAATCCCTGGCAATGTGATCCCTGAAGAGGTTAACCAGGTGTGTTATTCTGCTACCTCACT,-0.2876216818886155,0.0351635697056719,-1.1897112616812688,0.0460023473001258,-0.5071841617704634,0.0374862863944414,-0.3891001303737247,0.0367487636268226,-1.0233092493862823,0.0416646663243717,-0.9804591287385483,0.0448009393929067
miRNA_full_AND3_72_context1,hsa-miR-22-3p,hsa-miR-23a-3p,hsa-miR-34a-3p,CAGTTCTTCAACTGGCAGCTT,GGAAATCCCTGGCAATGTGAT,GGGCAGTATACTTGCTGATTG,TTGGAGCCAAGGGTTCCAGTTCTTCAACTGGCAGCTTTGGAAATCCCTGGCAATGTGATCCCTGGGGCAGTATACTTGCTGATTGATTCTGCTACCTCACT,-0.1421922894185812,0.0282290874894314,-1.032239129622698,0.033755778880874,-0.4781354755390953,0.0297655564193429,-0.2231680151792309,0.028923269614238,-0.7237792721043155,0.0307426433880155,-0.8224572254276681,0.0332098902959663
miRNA_full_AND3_73_context1,hsa-miR-21-3p,hsa-miR-218-5p,hsa-miR-96-5p,ACAGCCCATCGACTGGTGTTG,ACATGGTTAGATCAAGCACAA,CAAAAATGTGCTAGTGCCAAA,TTGGAGCCAAGGGTTCACAGCCCATCGACTGGTGTTGTACATGGTTAGATCAAGCACAACCCCAAAAATGTGCTAGTGCCAAAGAATTCTGCTACCTCACT,-0.5630789776828218,0.0366033011524691,-0.3385765248183738,0.0363653854220243,-0.4286946046822687,0.0367918462841924,-0.2777095862637729,0.0366299762284571,-0.2652440923225386,0.0353437960209223,-0.462856552732757,0.0376581685797948
miRNA_full_AND3_74_context1,hsa-miR-22-3p,hsa-miR-221-3p,hsa-miR-31-5p,CAGTTCTTCAACTGGCAGCTT,AACCCAGCAGACAATGTAGCT,AGCTATGCCAGCATCTTGCCT,TTGGAGCCAAGGGTTCCAGTTCTTCAACTGGCAGCTTTAAACCCAGCAGACAATGTAGCTCCTAGCTATGCCAGCATCTTGCCTAATTCTGCTACCTCACT,-0.3886161424509694,0.0325281207584918,-1.1130516168579287,0.0417256839052207,-0.3252708675587935,0.0328579039936176,-0.1153500824374316,0.0309373124103855,-0.4683900198620641,0.0335200703097237,-0.4288742731384066,0.0345737913647382
miRNA_full_AND3_75_context1,hsa-miR-22-3p,hsa-miR-221-3p,hsa-miR-221-3p,CAGTTCTTCAACTGGCAGCTT,AACCCAGCAGACAATGTAGCT,AACCCAGCAGACAATGTAGCT,TTGGAGCCAAGGGTTCCAGTTCTTCAACTGGCAGCTTTAAACCCAGCAGACAATGTAGCTCCTAACCCAGCAGACAATGTAGCTAATTCTGCTACCTCACT,-0.6702239043257263,0.0456777353547566,-0.8238716391737664,0.048209593306208,-0.3433285169070412,0.0436053517639573,-0.2132082822136272,0.0432585403490849,-0.7363780400865011,0.0471306871862019,-0.4141127707231015,0.0452920177744198
miRNA_full_AND3_76_context1,hsa-miR-125b-5p,hsa-miR-494-3p,hsa-miR-34a-5p,CACAAGTTAGGGTCTCAGGGA,AGGTTTCCCGTGTATGTTTCA,CAACCAGCTAAGACACTGCCA,TTGGAGCCAAGGGTTCCACAAGTTAGGGTCTCAGGGATAAGGTTTCCCGTGTATGTTTCACCTGCAACCAGCTAAGACACTGCCAATTCTGCTACCTCACT,-0.5017695943529319,0.0304977055050479,-0.4695721012219409,0.0311588771808399,-0.2864388673485762,0.0300584964135068,0.0925379092184074,0.0297694958226333,-0.6864733243893297,0.03231251388329,-0.6533172331991153,0.0337690344178532
miRNA_full_AND3_77_context1,hsa-miR-142-3p,hsa-miR-193b-3p,hsa-miR-200c-3p,CATAAAGTAGGAAACACTACA,GCGGGACTTTGAGGGCCAGTT,CATCATTACCCGGCAGTATTA,TTGGAGCCAAGGGTTCCATAAAGTAGGAAACACTACATAAGCGGGACTTTGAGGGCCAGTTCTGCATCATTACCCGGCAGTATTAATTCTGCTACCTCACT,-0.0803515031125743,0.0429077831573693,-0.3884924932887768,0.04494686679662,-0.5899870487746377,0.047040389350461,-1.1008178324916815,0.0539435608019321,-0.3271333909156152,0.0436166553792357,0.0146182518254543,0.0431530696826671
