design,miRNA1,miRNA2,target1,target2,oligoseq,HEK293T_3UTR_log10,HEK293T_3UTR_error,HeLa_3UTR_log10,HeLa_3UTR_error,MCF7_3UTR_log10,MCF7_3UTR_error,K562_3UTR_log10,K562_3UTR_error,HepG2_3UTR_log10,HepG2_3UTR_error,SKNSH_3UTR_log10,SKNSH_3UTR_error
miRNA_bulged_singleX2_1_context1,hsa-miR-224-5p,hsa-miR-224-5p,ACGGAACCACATCTGACTTGA,ACGGAACCACATCTGACTTGA,TTGGAGCCAAGGGTTCAGAGACTCAGGGACGGAACCACATCTGACTTGACACACGGAACCACATCTGACTTGAACTGTGTACAGAATTCTGCTACCTCACT,-0.0393412766844772,0.0379654857327131,-0.341432159408329,0.0395531781947604,-0.0105408606555986,0.0376679495262563,-0.1441442994410717,0.0373497668624745,-0.0553149296014783,0.0379187780559389,-0.1106469620390565,0.0376465143649951
miRNA_bulged_singleX2_2_context1,hsa-miR-122-5p,hsa-miR-122-5p,AAACACCATTCAGACACTCCA,AAACACCATTCAGACACTCCA,TTGGAGCCAAGGGTTCAGAGACTCAGGGAAACACCATTCAGACACTCCACACAAACACCATTCAGACACTCCAACTGTGTACAGAATTCTGCTACCTCACT,0.031852243465516,0.0344907155875241,-0.1015442239802877,0.0340367936761499,0.0240642391203014,0.0344365204024227,-0.0332397038419476,0.0349577803172468,0.0235244803025961,0.0346159834105485,-0.0262054565153984,0.0347617865873642
miRNA_bulged_singleX2_3_context1,hsa-miR-329-3p,hsa-miR-329-3p,AAGAGGTTAAGGTGGTGTGTA,AAGAGGTTAAGGTGGTGTGTA,TTGGAGCCAAGGGTTCAGAGACTCAGGGAAGAGGTTAAGGTGGTGTGTACACAAGAGGTTAAGGTGGTGTGTAACTGTGTACAGAATTCTGCTACCTCACT,0.0431489781823974,0.0380023381157847,0.1247757608553837,0.0392853578826449,0.0213021831402466,0.0376780562110354,0.0614601522609773,0.0389219026756454,-0.0411773575203317,0.0379220786727695,0.0181767266430225,0.0382694320941376
miRNA_bulged_singleX2_4_context1,hsa-miR-18a-5p,hsa-miR-18a-5p,ATCTGCACTACTAGCACCTTA,ATCTGCACTACTAGCACCTTA,TTGGAGCCAAGGGTTCAGAGACTCAGGGATCTGCACTACTAGCACCTTACACATCTGCACTACTAGCACCTTAACTGTGTACAGAATTCTGCTACCTCACT,-0.8103511433898348,0.0479017987205931,-0.5684704961390379,0.0470061800676341,-0.0905489531158963,0.0437373977208361,-0.9478158056122424,0.050587220658858,-0.6137551552085152,0.0474621286767214,-0.3483455246355463,0.0464214981885668
miRNA_bulged_singleX2_5_context1,hsa-miR-20a-5p,hsa-miR-20a-5p,ACCTGCACTAATTGCACTTTA,ACCTGCACTAATTGCACTTTA,TTGGAGCCAAGGGTTCAGAGACTCAGGGACCTGCACTAATTGCACTTTACACACCTGCACTAATTGCACTTTAACTGTGTACAGAATTCTGCTACCTCACT,-0.8160328347704154,0.0461432797879337,-0.954546312178598,0.0484937379357099,-0.2360342205008547,0.0424211401698922,-0.9443478215613924,0.0494942838913627,-0.8656673346337972,0.0470353886597644,-0.7512304414943685,0.0484131028710066
miRNA_bulged_singleX2_6_context1,hsa-miR-25-3p,hsa-miR-25-3p,CAGACCGAGAGTTGTGCAATA,CAGACCGAGAGTTGTGCAATA,TTGGAGCCAAGGGTTCAGAGACTCAGGGCAGACCGAGAGTTGTGCAATACACCAGACCGAGAGTTGTGCAATAACTGTGTACAGAATTCTGCTACCTCACT,-0.5493863275439084,0.0419657003328204,-0.3335416250215672,0.0419200897157371,-0.0696311748243128,0.0399680650460207,-0.7273505543168248,0.0450530675881344,-0.3485596882444366,0.0410504607046874,-0.446385475973296,0.0428683306196609
miRNA_bulged_singleX2_7_context1,hsa-miR-21-3p,hsa-miR-21-3p,ACAGCCCATCCTGTGGTGTTA,ACAGCCCATCCTGTGGTGTTA,TTGGAGCCAAGGGTTCAGAGACTCAGGGACAGCCCATCCTGTGGTGTTACACACAGCCCATCCTGTGGTGTTAACTGTGTACAGAATTCTGCTACCTCACT,-0.00021934547213,0.0269728165214781,-0.1214224672236033,0.0271205325510553,-0.0853511182594636,0.0270976035151681,0.0052854989383585,0.02738751509767,-0.0986027410659197,0.0271268713879279,-0.0889247498789412,0.0271768252153264
miRNA_bulged_singleX2_8_context1,hsa-miR-29a-3p,hsa-miR-29a-3p,AACCGATTTCTCTTGGTGCTA,AACCGATTTCTCTTGGTGCTA,TTGGAGCCAAGGGTTCAGAGACTCAGGGAACCGATTTCTCTTGGTGCTACACAACCGATTTCTCTTGGTGCTAACTGTGTACAGAATTCTGCTACCTCACT,-0.2122321067704091,0.035900587578057,-0.7392285378170573,0.0390788115675811,-0.3412143967028974,0.0366907003416666,-0.1246127155233683,0.0346384104026139,-0.6819805370176133,0.0386621392614874,-0.5405725156083483,0.0387893264807365
miRNA_bulged_singleX2_9_context1,hsa-miR-31-3p,hsa-miR-31-3p,TGGCAATATGAACGCATAGCA,TGGCAATATGAACGCATAGCA,TTGGAGCCAAGGGTTCAGAGACTCAGGTGGCAATATGAACGCATAGCAACCTGGCAATATGAACGCATAGCATACTGTGTACAGAATTCTGCTACCTCACT,-0.0777305763039183,0.0364886607357167,-0.3949814513237734,0.0383414911267758,0.0405457160835451,0.0362307355776236,-0.086496423292227,0.0356804362042279,-0.0232445965080549,0.0364508767640052,-0.0105565912935498,0.0365054729531106
miRNA_bulged_singleX2_10_context1,hsa-miR-22-3p,hsa-miR-22-3p,CAGTTCTTCATAAGGCAGCTA,CAGTTCTTCATAAGGCAGCTA,TTGGAGCCAAGGGTTCAGAGACTCAGGGCAGTTCTTCATAAGGCAGCTACACCAGTTCTTCATAAGGCAGCTAACTGTGTACAGAATTCTGCTACCTCACT,-0.0518023560462631,0.0413498212313591,-0.5859089294577592,0.0438422610453707,-0.115383699595584,0.0409583241654065,-0.1500119103320018,0.040450565548931,-0.433413502265752,0.0425639569677823,-0.3606847711384457,0.0432234937896506
miRNA_bulged_singleX2_11_context1,hsa-miR-142-3p,hsa-miR-142-3p,CATAAAGTAGCTTACACTACA,CATAAAGTAGCTTACACTACA,TTGGAGCCAAGGGTTCAGAGACTCAGGGCATAAAGTAGCTTACACTACACACCATAAAGTAGCTTACACTACAACTGTGTACAGAATTCTGCTACCTCACT,0.0124559540476002,0.0258240996029055,0.0237647421109946,0.0260176137804272,0.0223923611167109,0.0259101481732031,-0.721737492395079,0.0312182322996332,0.004367680396296,0.025955772217571,-0.0723019194644557,0.0263154298380328
miRNA_bulged_singleX2_12_context1,hsa-miR-192-5p,hsa-miR-192-5p,GGCTGTCAATAGTTAGGTCAA,GGCTGTCAATAGTTAGGTCAA,TTGGAGCCAAGGGTTCAGAGACTCAGGGGGCTGTCAATAGTTAGGTCAACACGGCTGTCAATAGTTAGGTCAAACTGTGTACAGAATTCTGCTACCTCACT,0.0056424589884497,0.0376959318687275,-0.0177349403514282,0.0362355332976274,0.0372582742067446,0.0374056901910802,0.0208343857127989,0.0383751601264191,-0.2745688656552146,0.0379716323921247,-0.007521284465919,0.037559049000624
miRNA_bulged_singleX2_13_context1,hsa-miR-7-5p,hsa-miR-7-5p,AACAAAATCAGCTGTCTTCCA,AACAAAATCAGCTGTCTTCCA,TTGGAGCCAAGGGTTCAGAGACTCAGGGAACAAAATCAGCTGTCTTCCACACAACAAAATCAGCTGTCTTCCAACTGTGTACAGAATTCTGCTACCTCACT,-0.0402717529110403,0.031593115799627,-0.0909454120682587,0.03096824509935,-0.011233596968709,0.0315437887796743,-0.0066290325654817,0.0320636612278357,-0.0349249814374138,0.0316626932444434,-0.0817566014416261,0.0317398536126616
miRNA_bulged_singleX2_14_context1,hsa-miR-125b-5p,hsa-miR-125b-5p,CACAAGTTAGCCACTCAGGGA,CACAAGTTAGCCACTCAGGGA,TTGGAGCCAAGGGTTCAGAGACTCAGGGCACAAGTTAGCCACTCAGGGACACCACAAGTTAGCCACTCAGGGAACTGTGTACAGAATTCTGCTACCTCACT,-0.0045775336323761,0.0382867584936718,-0.2435519888562555,0.0403811693923346,-0.031915180137934,0.0379993236055451,-0.0303388870897789,0.0384518116802781,0.0233162958815979,0.0383223315761434,-0.3934127955268647,0.0407115537437939
miRNA_bulged_singleX2_15_context1,hsa-miR-23a-3p,hsa-miR-23a-3p,GGAAATCCCTCCGAATGTGAA,GGAAATCCCTCCGAATGTGAA,TTGGAGCCAAGGGTTCAGAGACTCAGGGAAATCCCTCCGAATGTGAAGACGGAAATCCCTCCGAATGTGAAGTACTGTGTACAGAATTCTGCTACCTCACT,-0.1620439761300307,0.0377832729702825,-0.8236520243656182,0.0425655523264544,-0.1121902796030513,0.0375109563181397,-0.4248816353560399,0.0397350326623839,-0.502032529242352,0.0397497550455414,-0.689314006102568,0.0431684005310236
miRNA_bulged_singleX2_16_context1,hsa-miR-196a-5p,hsa-miR-196a-5p,CCAACAACATCTTACTACCTA,CCAACAACATCTTACTACCTA,TTGGAGCCAAGGGTTCAGAGACTCAGGGCCAACAACATCTTACTACCTACACCCAACAACATCTTACTACCTAACTGTGTACAGAATTCTGCTACCTCACT,-0.2959874475328037,0.0341724683987989,-0.3535769365785612,0.0352829714378863,-0.0407852883314727,0.0335715035777537,-0.0561581217322043,0.033769213298531,-0.0178553384126144,0.0336965278558901,-0.012787320475974,0.0338008278115601
miRNA_bulged_singleX2_17_context1,hsa-miR-126-3p,hsa-miR-126-3p,GCATTATTACAGTCGGTACGA,GCATTATTACAGTCGGTACGA,TTGGAGCCAAGGGTTCAGAGACTCAGGGGCATTATTACAGTCGGTACGACACGCATTATTACAGTCGGTACGAACTGTGTACAGAATTCTGCTACCTCACT,-0.0205380023754645,0.025950013758074,-0.1417474688237229,0.0266008613137662,-0.0378530242556307,0.0260702436420283,-0.1309180363808658,0.0260429832081911,-0.0621314889321404,0.0261095567873504,-0.0545559992452652,0.0262991786592235
miRNA_bulged_singleX2_18_context1,hsa-miR-130b-3p,hsa-miR-130b-3p,TGCCCTTTCAAGTTTGCACTA,TGCCCTTTCAAGTTTGCACTA,TTGGAGCCAAGGGTTCAGAGACTCAGGGTGCCCTTTCAAGTTTGCACTACACTGCCCTTTCAAGTTTGCACTAACTGTGTACAGAATTCTGCTACCTCACT,-0.2428742055597842,0.0329665365300431,-0.2743366085076114,0.0340050507567841,-0.0775509350361859,0.0326236328319547,-0.5157153486694799,0.0348207236625683,-0.1963840554185828,0.0328865899314431,-0.398622242272929,0.0345815403751796
miRNA_bulged_singleX2_19_context1,hsa-miR-17-5p,hsa-miR-17-5p,ACCTGCACTGATTGCACTTTA,ACCTGCACTGATTGCACTTTA,TTGGAGCCAAGGGTTCAGAGACTCAGGGACCTGCACTGATTGCACTTTACACACCTGCACTGATTGCACTTTAACTGTGTACAGAATTCTGCTACCTCACT,-0.8912999247799354,0.0492304503995798,-0.8905471605229243,0.0500670611798999,-0.2178746185962163,0.0454219627627967,-1.0186583751550125,0.0521744255073367,-0.8733647439561404,0.0496663918959887,-0.7404793711853734,0.050696483823999
miRNA_bulged_singleX2_20_context1,hsa-miR-34a-3p,hsa-miR-34a-3p,GGGCAGTATAGAAGCTGATTA,GGGCAGTATAGAAGCTGATTA,TTGGAGCCAAGGGTTCAGAGACTCAGGGGGGCAGTATAGAAGCTGATTACACGGGCAGTATAGAAGCTGATTAACTGTGTACAGAATTCTGCTACCTCACT,0.0330634133184936,0.0766723767259258,0.14040640688521,0.0831311075669585,0.0144359485311131,0.0730850876372151,0.1149181595584033,0.0801980757548827,0.0153847901956741,0.0758679414680044,0.0935426399472897,0.0793452384524046
miRNA_bulged_singleX2_21_context1,hsa-miR-96-5p,hsa-miR-96-5p,CAAAAATGTGGCTGTGCCAAA,CAAAAATGTGGCTGTGCCAAA,TTGGAGCCAAGGGTTCAGAGACTCAGCAAAAATGTGGCTGTGCCAAAGACCAAAAATGTGGCTGTGCCAAAGTACTGTGTACAGAATTCTGCTACCTCACT,0.0039076740744398,0.0327022685518358,0.0166787727248129,0.032598560341643,-0.0289548855400728,0.0326528029288553,-0.0092944970928086,0.0331469022583201,-0.0193575647693273,0.0327711736968982,0.0469469488471474,0.0334329323740193
miRNA_bulged_singleX2_22_context1,hsa-miR-21-5p,hsa-miR-21-5p,CAACATCAGTGACATAAGCTA,CAACATCAGTGACATAAGCTA,TTGGAGCCAAGGGTTCAGAGACTCAGGGCAACATCAGTGACATAAGCTACACCAACATCAGTGACATAAGCTAACTGTGTACAGAATTCTGCTACCTCACT,0.0096947448653517,0.0388697955220379,-0.8230808848568975,0.0442475170698145,-0.185545942435121,0.0390134387920953,-0.3060904989031456,0.0410939652233459,-0.8225025539955539,0.0438128141899371,-0.4914775293510585,0.0424433952477225
miRNA_bulged_singleX2_23_context1,hsa-miR-494-3p,hsa-miR-494-3p,AGGTTTCCCGACAATGTTTCA,AGGTTTCCCGACAATGTTTCA,TTGGAGCCAAGGGTTCAGAGACTCAGGAGGTTTCCCGACAATGTTTCAACAAGGTTTCCCGACAATGTTTCATACTGTGTACAGAATTCTGCTACCTCACT,-0.07406452716806,0.0268618742476767,-0.1037372409939172,0.0267183961748005,0.0168062643943143,0.0268095666186802,-0.0440285999759529,0.027147151790721,0.0185889338856331,0.0268561844740644,-0.0438217876303575,0.0270984528605766
miRNA_bulged_singleX2_24_context1,hsa-miR-141-3p,hsa-miR-141-3p,CATCTTTACCTCTCAGTGTTA,CATCTTTACCTCTCAGTGTTA,TTGGAGCCAAGGGTTCAGAGACTCAGGGCATCTTTACCTCTCAGTGTTACACCATCTTTACCTCTCAGTGTTAACTGTGTACAGAATTCTGCTACCTCACT,-0.0262353607764968,0.0228480593379236,-0.1419633579945631,0.0234498888337756,-0.2055234371024287,0.0234413409838785,-0.0240053779074222,0.023197703037831,-0.0412603783341328,0.0229809330025196,-0.1406978098414691,0.0236771660809143
miRNA_bulged_singleX2_25_context1,hsa-miR-16-5p,hsa-miR-16-5p,GCCAATATTTTGCTGCTGCTA,GCCAATATTTTGCTGCTGCTA,TTGGAGCCAAGGGTTCAGAGACTCAGGGGCCAATATTTTGCTGCTGCTACACGCCAATATTTTGCTGCTGCTAACTGTGTACAGAATTCTGCTACCTCACT,-0.5917011710934965,0.042523783242906,-0.3611120551203359,0.0421684360982544,-0.6334531778082092,0.0439274465019914,-0.0871570216199394,0.039364876383404,0.0082464725223738,0.040744602343636,-0.2469078707807639,0.0425478908319195
miRNA_bulged_singleX2_26_context1,hsa-miR-221-3p,hsa-miR-221-3p,AACCCAGCAGTGTATGTAGCA,AACCCAGCAGTGTATGTAGCA,TTGGAGCCAAGGGTTCAGAGACTCAGGAACCCAGCAGTGTATGTAGCAACAAACCCAGCAGTGTATGTAGCATACTGTGTACAGAATTCTGCTACCTCACT,-0.5604273499559072,0.0454614964655746,-0.5521623271370574,0.0464547263786799,-0.000253426216617,0.0428946491653943,-0.0444463750352499,0.0431090684692348,-0.4589263071395149,0.0452991338310113,-0.1891245399239726,0.0446069780840079
miRNA_bulged_singleX2_27_context1,hsa-miR-10a-5p,hsa-miR-10a-5p,CAAATTCGGAAGAACAGGGTA,CAAATTCGGAAGAACAGGGTA,TTGGAGCCAAGGGTTCAGAGACTCAGGGCAAATTCGGAAGAACAGGGTACACCAAATTCGGAAGAACAGGGTAACTGTGTACAGAATTCTGCTACCTCACT,-0.5077945945730553,0.039109873931084,0.0059283849186672,0.0370798801594691,0.0396998439949968,0.0375144094919476,-0.0383155474953208,0.0378338477248601,0.0180803722813901,0.0378025990529367,-0.2314084706136436,0.0395875204238793
miRNA_bulged_singleX2_28_context1,hsa-miR-103a-3p,hsa-miR-103a-3p,ATAGCCCTGTTGTATGCTGCA,ATAGCCCTGTTGTATGCTGCA,TTGGAGCCAAGGGTTCAGAGACTCAGGATAGCCCTGTTGTATGCTGCAACAATAGCCCTGTTGTATGCTGCATACTGTGTACAGAATTCTGCTACCTCACT,-0.1473188810291493,0.0297896693257639,-0.1004904018524043,0.0292288372139424,-0.0736911733536333,0.0296668556974659,-0.0611736466572987,0.0298125671293175,-0.1639145381962935,0.0298440322683746,-0.2202016757456766,0.0309938321673889
miRNA_bulged_singleX2_29_context1,hsa-miR-34a-5p,hsa-miR-34a-5p,CAACCAGCTATCTCACTGCCA,CAACCAGCTATCTCACTGCCA,TTGGAGCCAAGGGTTCAGAGACTCAGGGCAACCAGCTATCTCACTGCCACACCAACCAGCTATCTCACTGCCAACTGTGTACAGAATTCTGCTACCTCACT,-0.3676459401818017,0.0385969488089707,-0.2740089707797003,0.0397931709020165,-0.0883300338458384,0.0376699717730585,-0.0385032213203019,0.0379494051571578,-0.5040761371185695,0.0401832361559858,-0.395376974448715,0.0405752389677604
miRNA_bulged_singleX2_30_context1,hsa-miR-200c-3p,hsa-miR-200c-3p,CATCATTACCGCCCAGTATTA,CATCATTACCGCCCAGTATTA,TTGGAGCCAAGGGTTCAGAGACTCAGGGCATCATTACCGCCCAGTATTACACCATCATTACCGCCCAGTATTAACTGTGTACAGAATTCTGCTACCTCACT,0.0218280655974321,0.0432500979027707,-0.0063664652814775,0.0416054894884117,-0.1401502463987878,0.0428750287646871,-0.0102389951188917,0.0436103053854521,0.0070615656105566,0.0431878671146542,0.0389668397207741,0.0438976491692682
miRNA_bulged_singleX2_31_context1,hsa-miR-218-5p,hsa-miR-218-5p,ACATGGTTAGTAGAAGCACAA,ACATGGTTAGTAGAAGCACAA,TTGGAGCCAAGGGTTCAGAGACTCAGACATGGTTAGTAGAAGCACAAGACACATGGTTAGTAGAAGCACAAGTACTGTGTACAGAATTCTGCTACCTCACT,-0.4929595408752466,0.0425358624306481,0.0160295726368602,0.0405673367349738,0.0005228170811536,0.040626801005756,-0.0992060056907932,0.0395219683601304,-0.0390946031805366,0.0409492595192143,-0.2819248404911927,0.0436152213501875
miRNA_bulged_singleX2_32_context1,hsa-miR-223-3p,hsa-miR-223-3p,GGGGTATTTGTGTAACTGACA,GGGGTATTTGTGTAACTGACA,TTGGAGCCAAGGGTTCAGAGACTCAGGGGGGGTATTTGTGTAACTGACACACGGGGTATTTGTGTAACTGACAACTGTGTACAGAATTCTGCTACCTCACT,0.0058638315058232,0.0737133448404505,-0.0046332569530067,0.0683140624290881,0.0109694376066852,0.0707065183203175,-0.3555504932109342,0.0778641151355629,-0.0227423757651846,0.0725956000712517,-0.0259744245315948,0.0698958767458736
miRNA_bulged_singleX2_33_context1,hsa-miR-193b-3p,hsa-miR-193b-3p,GCGGGACTTTCTCGGCCAGTA,GCGGGACTTTCTCGGCCAGTA,TTGGAGCCAAGGGTTCAGAGACTCAGGGGCGGGACTTTCTCGGCCAGTACACGCGGGACTTTCTCGGCCAGTAACTGTGTACAGAATTCTGCTACCTCACT,-0.1526253804143359,0.0748200928383396,-0.520905853178156,0.0809712316595601,-0.0624014136624372,0.0717531909215271,-0.0496698356130898,0.0715865006360832,-0.3282310895474422,0.0751226835574777,-0.1359733200461585,0.0718717847372426
miRNA_bulged_singleX2_34_context1,hsa-miR-320a-3p,hsa-miR-320a-3p,CGCCCTCTCATAGCAGCTTTA,CGCCCTCTCATAGCAGCTTTA,TTGGAGCCAAGGGTTCAGAGACTCAGGGCGCCCTCTCATAGCAGCTTTACACCGCCCTCTCATAGCAGCTTTAACTGTGTACAGAATTCTGCTACCTCACT,-0.5119426010513433,0.045044723459711,-0.6714354870179262,0.0469162124487717,-0.1610186714901141,0.0433822629911571,-0.5131325261124609,0.0461311059648622,-0.6020221589977944,0.0466945405040185,-0.432465012492539,0.0460409172163974
miRNA_bulged_singleX2_35_context1,hsa-miR-17-3p,hsa-miR-17-3p,TACAAGTGCCAAGACTGCAGA,TACAAGTGCCAAGACTGCAGA,TTGGAGCCAAGGGTTCAGAGACTCAGGGTACAAGTGCCAAGACTGCAGACACTACAAGTGCCAAGACTGCAGAACTGTGTACAGAATTCTGCTACCTCACT,-0.0965116492249146,0.0323731429731586,-0.0619215973074882,0.031180963197276,0.012060150785269,0.0321901293522718,-0.3283568588459453,0.034319181584958,-0.124471948076171,0.0324646848638629,-0.0644032912355134,0.0322925361780416
miRNA_bulged_singleX2_36_context1,hsa-miR-31-5p,hsa-miR-31-5p,AGCTATGCCACGTTCTTGCCA,AGCTATGCCACGTTCTTGCCA,TTGGAGCCAAGGGTTCAGAGACTCAGGAGCTATGCCACGTTCTTGCCAACAAGCTATGCCACGTTCTTGCCATACTGTGTACAGAATTCTGCTACCTCACT,-0.1387663875195291,0.0334360945136734,-0.8670255109519424,0.0383650506044843,-0.0600262726694191,0.033227923051893,-0.0415673510451692,0.0334848760427273,-0.025002256019899,0.0333351089093097,-0.0566234642211714,0.0331280026867921
miRNA_bulged_singleX2_37_context1,hsa-miR-100-5p,hsa-miR-100-5p,ACAAGTTCGGTAGTACGGGTA,ACAAGTTCGGTAGTACGGGTA,TTGGAGCCAAGGGTTCAGAGACTCAGGGACAAGTTCGGTAGTACGGGTACACACAAGTTCGGTAGTACGGGTAACTGTGTACAGAATTCTGCTACCTCACT,-0.0183647811689724,0.0415036224448765,-0.3787416729434381,0.0431083328651659,-0.0550038533444853,0.0410415466047575,-0.047989040282702,0.041167622765183,-0.0601715832599429,0.0413626632576871,-0.2794635225361732,0.0436275915310894
miRNA_bulged_singleX2_38_context1,hsa-miR-148a-3p,hsa-miR-148a-3p,CAAAGTTCTGATCTGCACTGA,CAAAGTTCTGATCTGCACTGA,TTGGAGCCAAGGGTTCAGAGACTCAGGGCAAAGTTCTGATCTGCACTGACACCAAAGTTCTGATCTGCACTGAACTGTGTACAGAATTCTGCTACCTCACT,-0.189997645992332,0.0380633930288323,-0.1504532909415914,0.0387701140284438,-0.0577272417562666,0.0376265471603186,-0.0869044132447188,0.0369105199639339,-0.1256529566220679,0.0378851591765195,-0.2232200672057991,0.0397045310380031
miRNA_bulged_singleX2_39_context1,hsa-let-7a-5p,hsa-let-7a-5p,ACTATACAACGATCTACCTCA,ACTATACAACGATCTACCTCA,TTGGAGCCAAGGGTTCAGAGACTCAGGGACTATACAACGATCTACCTCACACACTATACAACGATCTACCTCAACTGTGTACAGAATTCTGCTACCTCACT,-0.5121098146983107,0.047133363658791,-0.9513969356260286,0.0535970337554006,-0.1879242786142907,0.0451181080503492,-0.4768018374728555,0.0484381705536422,-0.291182753127618,0.0457238808298212,-0.8219912037260417,0.0545301140586922
miRNA_bulged_singleX2_40_context1,hsa-miR-19b-3p,hsa-miR-19b-3p,AGTTTTGCATCCTTTTGCACA,AGTTTTGCATCCTTTTGCACA,TTGGAGCCAAGGGTTCAGAGACTCAGGGAGTTTTGCATCCTTTTGCACACACAGTTTTGCATCCTTTTGCACAACTGTGTACAGAATTCTGCTACCTCACT,-0.2728071668153389,0.0306116114141317,-0.3589740737937621,0.0314224971256665,-0.4721500768659418,0.0319709855450893,-0.4504367408539688,0.0318941272066352,-0.1950776064952526,0.0305038090817748,-0.3842832231603357,0.0319899344925201
miRNA_bulged_singleX2_41_context1,hsa-miR-92a-3p,hsa-miR-92a-3p,CAGGCCGGGAGTTGTGCAATA,CAGGCCGGGAGTTGTGCAATA,TTGGAGCCAAGGGTTCAGAGACTCAGGGCAGGCCGGGAGTTGTGCAATACACCAGGCCGGGAGTTGTGCAATAACTGTGTACAGAATTCTGCTACCTCACT,-0.6694661841097669,0.0498000353175195,-0.4352267980397362,0.0487910068682984,-0.0779242913752079,0.0460373799610926,-0.7737529797929269,0.0519900662342819,-0.5068545504067002,0.0490171571498022,-0.469710605357542,0.0495188397830103
